{
  "models": [
    {
      "Model": "Linear Regression",
      "Val RMSE": 21.43282610319623,
      "Val MAE": 17.797481925206856,
      "Val R\u00b2": 0.7559629434079181
    },
    {
      "Model": "Ridge (\u03b1=10)",
      "Val RMSE": 21.431085352228852,
      "Val MAE": 17.800834167988345,
      "Val R\u00b2": 0.756002582649993
    },
    {
      "Model": "Random Forest",
      "Val RMSE": 18.820474696527146,
      "Val MAE": 13.927132682906265,
      "Val R\u00b2": 0.8118266814990964
    }
  ],
  "best_model": "Random Forest",
  "test_rmse": 19.704558542149954,
  "test_mae": 14.0662920759969,
  "test_r2": 0.7751598456878187,
  "rf_params": {
    "n_estimators": 300,
    "max_depth": 10,
    "random_state": 42,
    "n_jobs": -1
  }
}